STT,Thời Điểm Đóng Lệnh,Bot / Coin,Vị Thế,Giá Vào,Giá Thoát,Kết Quả,Lãi/Lỗ Tiền Tươi (%),Lợi Nhuận (R),Lãi/Lỗ Lệnh (VNĐ),Số Dư Ví XRP (VNĐ),Số Dư Ví SOL (VNĐ),TỔNG TÀI SẢN (VNĐ),Sụt Giảm Từ Đỉnh (%)
1,2022-09-18 22:31,XRP (Bắt Đáy),LONG,0.3659,0.3639,THUA (LOSS),-0.67,-1.22,-1827273.0,13172727.0,15000000.0,28172727.0,-6.09
2,2022-09-19 19:11,XRP (Bắt Đáy),SHORT,0.3851,0.3872,THUA (LOSS),-0.67,-1.22,-1604678.0,11568050.0,15000000.0,26568050.0,-11.44
3,2022-09-20 16:00,XRP (Bắt Đáy),SHORT,0.4185,0.4208,THUA (LOSS),-0.67,-1.22,-1409199.0,10158851.0,15000000.0,25158851.0,-16.14
4,2022-09-22 08:19,XRP (Bắt Đáy),SHORT,0.4251,0.4274,THUA (LOSS),-0.67,-1.22,-1237533.0,8921318.0,15000000.0,23921318.0,-20.26
5,2022-09-28 02:36,XRP (Bắt Đáy),LONG,0.4212,0.4189,THUA (LOSS),-0.67,-1.22,-1086779.0,7834539.0,15000000.0,22834539.0,-23.88
6,2022-10-25 20:00,SOL (Cưỡi Sóng),SHORT,32.96,31.5,THẮNG (WIN),4.31,0.23,337585.0,7834539.0,15337585.0,23172125.0,-22.76
7,2022-11-07 08:00,SOL (Cưỡi Sóng),LONG,31.5,30.75,THUA (LOSS),-2.5,-0.21,-322245.0,7834539.0,15015340.0,22849880.0,-23.83
8,2022-11-23 20:00,SOL (Cưỡi Sóng),SHORT,30.75,14.009,THẮNG (WIN),54.32,2.68,4028234.0,7834539.0,19043574.0,26878114.0,-10.41
9,2022-12-16 16:00,SOL (Cưỡi Sóng),LONG,14.009,13.002,THUA (LOSS),-7.31,-0.33,-631142.0,7834539.0,18412432.0,26246971.0,-12.51
10,2022-12-21 03:46,XRP (Bắt Đáy),LONG,0.3416,0.3397,THUA (LOSS),-0.67,-1.22,-954389.0,6880150.0,18412432.0,25292582.0,-15.69
11,2022-12-29 02:07,XRP (Bắt Đáy),LONG,0.3452,0.3433,THUA (LOSS),-0.67,-1.22,-838127.0,6042023.0,18412432.0,24454455.0,-18.49
12,2023-01-02 08:00,SOL (Cưỡi Sóng),SHORT,13.002,11.084,THẮNG (WIN),14.63,1.11,2050936.0,6042023.0,20463368.0,26505391.0,-11.65
13,2023-01-09 02:45,XRP (Bắt Đáy),SHORT,0.3508,0.3527,THUA (LOSS),-0.67,-1.22,-736028.0,5305994.0,20463368.0,25769363.0,-14.1
14,2023-02-01 16:00,SOL (Cưỡi Sóng),LONG,11.084,22.813,THẮNG (WIN),105.7,5.46,11180455.0,5305994.0,31643823.0,36949818.0,0.0
15,2023-02-15 20:00,SOL (Cưỡi Sóng),SHORT,22.813,22.992,THUA (LOSS),-0.9,-0.06,-175138.0,5305994.0,31468685.0,36774679.0,-0.47
16,2023-02-25 12:00,SOL (Cưỡi Sóng),LONG,22.992,22.776,THUA (LOSS),-1.06,-0.08,-243513.0,5305994.0,31225172.0,36531167.0,-1.13
17,2023-03-12 16:20,XRP (Bắt Đáy),SHORT,0.4236,0.3478,THẮNG (WIN),17.78,32.33,17152833.0,22458827.0,31225172.0,53684000.0,0.0
18,2023-03-13 00:00,SOL (Cưỡi Sóng),SHORT,22.776,20.193,THẮNG (WIN),11.22,0.84,2609839.0,22458827.0,33835012.0,56293839.0,0.0
19,2023-04-20 08:00,SOL (Cưỡi Sóng),LONG,20.193,22.606,THẮNG (WIN),11.83,0.61,2065402.0,22458827.0,35900414.0,58359241.0,0.0
20,2023-04-28 04:11,XRP (Bắt Đáy),SHORT,0.4688,0.4714,THUA (LOSS),-0.67,-1.22,-2735894.0,19722934.0,35900414.0,55623348.0,-4.69
21,2023-04-28 04:39,XRP (Bắt Đáy),SHORT,0.475,0.4776,THUA (LOSS),-0.67,-1.22,-2402612.0,17320322.0,35900414.0,53220736.0,-8.8
22,2023-04-28 20:00,SOL (Cưỡi Sóng),SHORT,22.606,23.299,THUA (LOSS),-3.19,-0.22,-775569.0,17320322.0,35124845.0,52445167.0,-10.13
23,2023-05-03 16:00,SOL (Cưỡi Sóng),LONG,23.299,21.318,THUA (LOSS),-8.62,-0.69,-2406736.0,17320322.0,32718109.0,50038431.0,-14.26
24,2023-05-17 02:00,XRP (Bắt Đáy),SHORT,0.4584,0.4609,THUA (LOSS),-0.67,-1.22,-2109930.0,15210392.0,32718109.0,47928501.0,-17.87
25,2023-05-21 15:32,XRP (Bắt Đáy),LONG,0.4657,0.4631,THUA (LOSS),-0.67,-1.22,-1852902.0,13357489.0,32718109.0,46075598.0,-21.05
26,2023-05-28 12:00,SOL (Cưỡi Sóng),SHORT,21.318,20.515,THẮNG (WIN),3.65,0.39,1268363.0,13357489.0,33986471.0,47343961.0,-18.87
27,2023-06-05 16:00,SOL (Cưỡi Sóng),LONG,20.515,19.94,THUA (LOSS),-2.92,-0.48,-1628448.0,13357489.0,32358024.0,45715513.0,-21.67
28,2023-06-17 06:17,XRP (Bắt Đáy),SHORT,0.4818,0.4845,THUA (LOSS),-0.67,-1.22,-1627185.0,11730304.0,32358024.0,44088328.0,-24.45
29,2023-06-21 20:00,SOL (Cưỡi Sóng),SHORT,19.94,17.124,THẮNG (WIN),14.0,1.08,3479805.0,11730304.0,35837828.0,47568133.0,-18.49
30,2023-07-01 01:08,XRP (Bắt Đáy),LONG,0.4676,0.465,THUA (LOSS),-0.67,-1.22,-1428964.0,10301340.0,35837828.0,46139169.0,-20.94
31,2023-07-06 14:08,XRP (Bắt Đáy),LONG,0.4707,0.4681,THUA (LOSS),-0.67,-1.22,-1254891.0,9046450.0,35837828.0,44884278.0,-23.09
32,2023-07-24 12:00,SOL (Cưỡi Sóng),LONG,17.124,23.616,THẮNG (WIN),37.79,3.64,13052515.0,9046450.0,48890344.0,57936793.0,-0.72
33,2023-08-04 20:38,XRP (Bắt Đáy),LONG,0.6536,0.65,THUA (LOSS),-0.67,-1.22,-1102022.0,7944427.0,48890344.0,56834771.0,-2.61
34,2023-08-08 20:00,SOL (Cưỡi Sóng),SHORT,23.616,24.571,THUA (LOSS),-4.16,-0.31,-1513797.0,7944427.0,47376547.0,55320975.0,-5.21
35,2023-08-16 08:00,SOL (Cưỡi Sóng),LONG,24.571,23.439,THUA (LOSS),-4.73,-0.5,-2346556.0,7944427.0,45029991.0,52974418.0,-9.23
36,2023-08-30 00:00,SOL (Cưỡi Sóng),SHORT,23.439,21.772,THẮNG (WIN),6.99,0.83,3727568.0,7944427.0,48757559.0,56701986.0,-2.84
37,2023-08-31 20:00,SOL (Cưỡi Sóng),LONG,21.772,19.817,THUA (LOSS),-9.1,-1.02,-4957200.0,7944427.0,43800359.0,51744787.0,-11.33
38,2023-09-11 10:23,XRP (Bắt Đáy),SHORT,0.5563,0.4567,THẮNG (WIN),17.78,32.33,25682167.0,33626595.0,43800359.0,77426954.0,0.0
39,2023-09-18 12:00,SOL (Cưỡi Sóng),SHORT,19.817,19.579,THẮNG (WIN),1.08,0.11,466194.0,33626595.0,44266553.0,77893148.0,0.0
40,2023-10-09 09:50,XRP (Bắt Đáy),LONG,0.4976,0.4949,THUA (LOSS),-0.67,-1.22,-4096331.0,29530264.0,44266553.0,73796817.0,-5.26
41,2023-10-12 08:00,SOL (Cưỡi Sóng),LONG,19.579,21.638,THẮNG (WIN),10.4,1.09,4822608.0,29530264.0,49089161.0,78619425.0,0.0
42,2023-10-16 12:00,SOL (Cưỡi Sóng),SHORT,21.638,23.132,THUA (LOSS),-7.02,-0.72,-3544046.0,29530264.0,45545115.0,75075380.0,-4.51
43,2023-10-19 20:44,XRP (Bắt Đáy),SHORT,0.4973,0.5,THUA (LOSS),-0.67,-1.22,-3597323.0,25932941.0,45545115.0,71478056.0,-9.08
44,2023-11-22 19:16,XRP (Bắt Đáy),SHORT,0.6045,0.6078,THUA (LOSS),-0.67,-1.22,-3159104.0,22773837.0,45545115.0,68318953.0,-13.1
45,2023-12-28 16:00,SOL (Cưỡi Sóng),LONG,23.132,99.798,THẮNG (WIN),331.31,41.87,190717097.0,22773837.0,236262213.0,259036050.0,0.0
46,2024-01-10 21:11,XRP (Bắt Đáy),SHORT,0.5809,0.5841,THUA (LOSS),-0.67,-1.22,-2774267.0,19999570.0,236262213.0,256261782.0,-1.07
47,2024-01-26 16:51,XRP (Bắt Đáy),SHORT,0.5223,0.5252,THUA (LOSS),-0.67,-1.22,-2436311.0,17563259.0,236262213.0,253825471.0,-2.01
48,2024-01-28 00:00,SOL (Cưỡi Sóng),SHORT,99.798,94.237,THẮNG (WIN),5.45,0.21,4887824.0,17563259.0,241150037.0,258713295.0,-0.12
49,2024-02-11 09:28,XRP (Bắt Đáy),SHORT,0.5277,0.5306,THUA (LOSS),-0.67,-1.22,-2139524.0,15423734.0,241150037.0,256573771.0,-0.95
50,2024-02-20 15:30,XRP (Bắt Đáy),LONG,0.5409,0.5379,THUA (LOSS),-0.67,-1.22,-1878891.0,13544843.0,241150037.0,254694880.0,-1.68
51,2024-02-21 08:00,SOL (Cưỡi Sóng),LONG,94.237,104.939,THẮNG (WIN),11.24,0.96,23131914.0,13544843.0,264281951.0,277826794.0,0.0
52,2024-02-23 04:10,XRP (Bắt Đáy),LONG,0.5391,0.5361,THUA (LOSS),-0.67,-1.22,-1650008.0,11894835.0,264281951.0,276176786.0,-0.59
53,2024-02-28 16:00,SOL (Cưỡi Sóng),SHORT,104.939,113.178,THUA (LOSS),-7.97,-0.64,-16802766.0,11894835.0,247479185.0,259374020.0,-6.64
54,2024-03-02 01:02,XRP (Bắt Đáy),SHORT,0.617,0.6204,THUA (LOSS),-0.67,-1.22,-1449007.0,10445828.0,247479185.0,257925013.0,-7.16
55,2024-03-13 13:58,XRP (Bắt Đáy),LONG,0.6737,0.67,THUA (LOSS),-0.67,-1.22,-1272492.0,9173336.0,247479185.0,256652521.0,-7.62
56,2024-04-02 12:00,SOL (Cưỡi Sóng),LONG,113.178,180.019,THẮNG (WIN),58.94,5.19,128434923.0,9173336.0,375914108.0,385087444.0,0.0
57,2024-04-12 18:33,XRP (Bắt Đáy),SHORT,0.653,0.5361,THẮNG (WIN),17.78,32.33,29654894.0,38828230.0,375914108.0,414742338.0,0.0
58,2024-04-19 02:22,XRP (Bắt Đáy),LONG,0.474,0.4714,THUA (LOSS),-0.67,-1.22,-4729984.0,34098245.0,375914108.0,410012354.0,-1.14
59,2024-04-29 03:06,XRP (Bắt Đáy),LONG,0.5087,0.5059,THUA (LOSS),-0.67,-1.22,-4153786.0,29944459.0,375914108.0,405858567.0,-2.14
60,2024-05-01 08:22,XRP (Bắt Đáy),LONG,0.4824,0.4797,THUA (LOSS),-0.67,-1.22,-3647780.0,26296680.0,375914108.0,402210788.0,-3.02
61,2024-05-02 17:59,XRP (Bắt Đáy),SHORT,0.5196,0.5225,THUA (LOSS),-0.67,-1.22,-3203414.0,23093266.0,375914108.0,399007374.0,-3.79
62,2024-05-03 04:00,SOL (Cưỡi Sóng),SHORT,180.019,140.942,THẮNG (WIN),21.59,1.58,59252245.0,23093266.0,435166353.0,458259619.0,0.0
63,2024-05-03 20:46,XRP (Bắt Đáy),SHORT,0.5326,0.5355,THUA (LOSS),-0.67,-1.22,-2813180.0,20280086.0,435166353.0,455446439.0,-0.61
64,2024-05-09 10:18,XRP (Bắt Đáy),LONG,0.5144,0.5116,THUA (LOSS),-0.67,-1.22,-2470483.0,17809603.0,435166353.0,452975956.0,-1.15
65,2024-05-26 08:00,SOL (Cưỡi Sóng),LONG,140.942,165.383,THẮNG (WIN),17.22,1.02,44207381.0,17809603.0,479373734.0,497183337.0,0.0
66,2024-06-05 16:00,SOL (Cưỡi Sóng),SHORT,165.383,174.918,THUA (LOSS),-5.89,-0.52,-25083062.0,17809603.0,454290672.0,472100275.0,-5.05
67,2024-06-07 20:00,SOL (Cưỡi Sóng),LONG,174.918,162.015,THUA (LOSS),-7.5,-0.97,-43862047.0,17809603.0,410428625.0,428238228.0,-13.87
68,2024-06-25 16:00,SOL (Cưỡi Sóng),SHORT,162.015,139.373,THẮNG (WIN),13.86,1.56,63943950.0,17809603.0,474372575.0,492182178.0,-1.01
69,2024-07-04 04:00,SOL (Cưỡi Sóng),LONG,139.373,137.0,THUA (LOSS),-1.82,-0.15,-7019637.0,17809603.0,467352937.0,485162540.0,-2.42
70,2024-07-04 23:42,XRP (Bắt Đáy),SHORT,0.5258,0.4317,THẮNG (WIN),17.78,32.33,57573589.0,75383192.0,467352937.0,542736130.0,0.0
71,2024-07-10 08:00,SOL (Cưỡi Sóng),SHORT,137.0,144.119,THUA (LOSS),-5.32,-0.42,-19620051.0,75383192.0,447732886.0,523116079.0,-3.62
72,2024-07-31 00:57,XRP (Bắt Đáy),LONG,0.5417,0.6387,THẮNG (WIN),17.78,32.33,243693302.0,319076494.0,447732886.0,766809381.0,0.0
73,2024-08-01 00:00,SOL (Cưỡi Sóng),LONG,144.119,171.632,THẮNG (WIN),18.97,1.43,64170793.0,319076494.0,511903680.0,830980174.0,0.0
74,2024-08-07 08:00,SOL (Cưỡi Sóng),SHORT,171.632,152.355,THẮNG (WIN),11.11,0.84,43015594.0,319076494.0,554919274.0,873995768.0,0.0
75,2024-08-20 15:08,XRP (Bắt Đáy),LONG,0.5905,0.5873,THUA (LOSS),-0.67,-1.22,-38869318.0,280207176.0,554919274.0,835126450.0,-4.45
76,2024-08-28 00:00,SOL (Cưỡi Sóng),LONG,152.355,146.733,THUA (LOSS),-3.81,-0.17,-9230113.0,280207176.0,545689161.0,825896337.0,-5.5
77,2024-09-01 05:39,XRP (Bắt Đáy),LONG,0.559,0.5559,THUA (LOSS),-0.67,-1.22,-34134329.0,246072847.0,545689161.0,791762008.0,-9.41
78,2024-09-05 09:54,XRP (Bắt Đáy),LONG,0.5524,0.5494,THUA (LOSS),-0.67,-1.22,-29976147.0,216096700.0,545689161.0,761785861.0,-12.84
79,2024-09-08 16:12,XRP (Bắt Đáy),LONG,0.524,0.5211,THUA (LOSS),-0.67,-1.22,-26324507.0,189772193.0,545689161.0,735461354.0,-15.85
80,2024-09-19 12:00,SOL (Cưỡi Sóng),SHORT,146.733,139.367,THẮNG (WIN),4.9,0.39,21040289.0,189772193.0,566729450.0,756501643.0,-13.44
81,2024-09-21 16:55,XRP (Bắt Đáy),SHORT,0.5904,0.5936,THUA (LOSS),-0.67,-1.22,-23117704.0,166654490.0,566729450.0,733383939.0,-16.09
82,2024-10-01 20:00,SOL (Cưỡi Sóng),LONG,139.367,145.391,THẮNG (WIN),4.2,0.48,27265792.0,166654490.0,593995241.0,760649731.0,-12.97
83,2024-10-02 11:18,XRP (Bắt Đáy),LONG,0.5866,0.5834,THUA (LOSS),-0.67,-1.22,-20301547.0,146352943.0,593995241.0,740348184.0,-15.29
84,2024-10-14 04:00,SOL (Cưỡi Sóng),SHORT,145.391,152.43,THUA (LOSS),-4.96,-0.44,-26114019.0,146352943.0,567881223.0,714234166.0,-18.28
85,2024-10-25 06:54,XRP (Bắt Đáy),LONG,0.5257,0.5228,THUA (LOSS),-0.67,-1.22,-17828449.0,128524493.0,567881223.0,696405716.0,-20.32
86,2024-11-01 16:00,SOL (Cưỡi Sóng),LONG,152.43,164.0,THẮNG (WIN),7.47,0.83,47344584.0,128524493.0,615225807.0,743750300.0,-14.9
87,2024-11-05 08:06,XRP (Bắt Đáy),SHORT,0.5137,0.5165,THUA (LOSS),-0.67,-1.22,-15656620.0,112867873.0,615225807.0,728093680.0,-16.69
88,2024-11-06 04:00,SOL (Cưỡi Sóng),SHORT,164.0,184.91,THUA (LOSS),-12.87,-1.19,-73182462.0,112867873.0,542043345.0,654911219.0,-25.07
89,2024-11-16 05:01,XRP (Bắt Đáy),SHORT,0.9456,0.9508,THUA (LOSS),-0.67,-1.22,-13749359.0,99118514.0,542043345.0,641161860.0,-26.64
90,2024-11-16 05:22,XRP (Bắt Đáy),SHORT,0.9652,0.9705,THUA (LOSS),-0.67,-1.22,-12074437.0,87044077.0,542043345.0,629087422.0,-28.02
91,2024-11-16 09:58,XRP (Bắt Đáy),SHORT,1.0447,1.0504,THUA (LOSS),-0.67,-1.22,-10603551.0,76440526.0,542043345.0,618483871.0,-29.23
92,2024-11-18 01:57,XRP (Bắt Đáy),SHORT,1.132,1.1382,THUA (LOSS),-0.67,-1.22,-9311846.0,67128680.0,542043345.0,609172025.0,-30.3
93,2024-11-26 12:00,SOL (Cưỡi Sóng),LONG,184.91,227.74,THẮNG (WIN),23.04,1.42,77236870.0,67128680.0,619280215.0,686408895.0,-21.46
94,2024-12-04 16:51,XRP (Bắt Đáy),LONG,2.3799,2.3668,THUA (LOSS),-0.67,-1.22,-8177494.0,58951186.0,619280215.0,678231401.0,-22.4
95,2024-12-22 20:10,XRP (Bắt Đáy),LONG,2.1754,2.1634,THUA (LOSS),-0.67,-1.22,-7181326.0,51769860.0,619280215.0,671050075.0,-23.22
96,2025-01-02 12:00,SOL (Cưỡi Sóng),SHORT,227.74,208.42,THẮNG (WIN),8.36,0.56,34419351.0,51769860.0,653699566.0,705469426.0,-19.28
97,2025-01-08 00:00,SOL (Cưỡi Sóng),LONG,208.42,202.06,THUA (LOSS),-3.17,-0.31,-20167209.0,51769860.0,633532358.0,685302218.0,-21.59
98,2025-01-14 17:11,XRP (Bắt Đáy),LONG,2.2347,2.6347,THẮNG (WIN),17.78,32.33,167357838.0,219127698.0,633532358.0,852660055.0,-2.44
99,2025-01-15 16:00,SOL (Cưỡi Sóng),SHORT,202.06,196.39,THẮNG (WIN),2.69,0.29,18297005.0,219127698.0,651829362.0,870957060.0,-0.35
100,2025-01-27 08:00,SOL (Cưỡi Sóng),LONG,196.39,227.39,THẮNG (WIN),15.66,1.23,79892504.0,219127698.0,731721867.0,950849564.0,0.0
101,2025-02-11 19:28,XRP (Bắt Đáy),LONG,2.3975,2.3843,THUA (LOSS),-0.67,-1.22,-26693738.0,192433960.0,731721867.0,924155827.0,-2.81
102,2025-03-02 16:00,SOL (Cưỡi Sóng),SHORT,227.39,157.36,THẮNG (WIN),30.68,1.71,125271859.0,192433960.0,856993726.0,1049427686.0,0.0
103,2025-03-03 19:53,XRP (Bắt Đáy),LONG,2.4128,2.3995,THUA (LOSS),-0.67,-1.22,-23441955.0,168992005.0,856993726.0,1025985731.0,-2.23
104,2025-03-03 20:00,SOL (Cưỡi Sóng),LONG,157.36,141.81,THUA (LOSS),-10.0,-0.49,-42132158.0,168992005.0,814861567.0,983853572.0,-6.25
105,2025-03-09 17:58,XRP (Bắt Đáy),SHORT,2.5639,2.105,THẮNG (WIN),17.78,32.33,546305063.0,715297068.0,814861567.0,1530158635.0,0.0
106,2025-03-24 04:00,SOL (Cưỡi Sóng),SHORT,141.81,138.11,THẮNG (WIN),2.49,0.08,6453263.0,715297068.0,821314831.0,1536611898.0,0.0
107,2025-03-28 16:00,SOL (Cưỡi Sóng),LONG,138.11,129.85,THUA (LOSS),-6.1,-0.55,-44932100.0,715297068.0,776382730.0,1491679798.0,-2.92
108,2025-03-31 09:54,XRP (Bắt Đáy),SHORT,2.4756,2.0325,THẮNG (WIN),17.78,32.33,2312360339.0,3027657407.0,776382730.0,3804040137.0,0.0
109,2025-04-08 21:27,XRP (Bắt Đáy),LONG,1.81,1.8,THUA (LOSS),-0.67,-1.22,-368823721.0,2658833687.0,776382730.0,3435216417.0,-9.7
110,2025-04-09 20:00,SOL (Cưỡi Sóng),SHORT,129.85,118.88,THẮNG (WIN),8.33,0.73,56814411.0,2658833687.0,833197141.0,3492030828.0,-8.2
111,2025-04-26 07:33,XRP (Bắt Đáy),SHORT,2.2337,2.246,THUA (LOSS),-0.67,-1.22,-323894285.0,2334939401.0,833197141.0,3168136543.0,-16.72
112,2025-04-30 12:37,XRP (Bắt Đáy),LONG,2.2153,2.2031,THUA (LOSS),-0.67,-1.22,-284438073.0,2050501329.0,833197141.0,2883698470.0,-24.19
113,2025-05-30 08:00,SOL (Cưỡi Sóng),LONG,118.88,162.62,THẮNG (WIN),36.67,1.54,127909356.0,2050501329.0,961106497.0,3011607826.0,-20.83
114,2025-05-30 09:44,XRP (Bắt Đáy),LONG,2.181,2.169,THUA (LOSS),-0.67,-1.22,-249788344.0,1800712985.0,961106497.0,2761819482.0,-27.4
115,2025-06-10 00:00,SOL (Cưỡi Sóng),SHORT,162.62,161.09,THẮNG (WIN),0.82,0.08,7451507.0,1800712985.0,968558004.0,2769270989.0,-27.2
116,2025-06-13 04:00,SOL (Cưỡi Sóng),LONG,161.09,144.65,THUA (LOSS),-10.33,-1.06,-102349236.0,1800712985.0,866208767.0,2666921752.0,-29.89
117,2025-06-14 20:15,XRP (Bắt Đáy),LONG,2.1203,2.1086,THUA (LOSS),-0.67,-1.22,-219359582.0,1581353403.0,866208767.0,2447562171.0,-35.66
118,2025-06-25 00:00,SOL (Cưỡi Sóng),SHORT,144.65,145.83,THUA (LOSS),-0.94,-0.07,-5919592.0,1581353403.0,860289175.0,2441642579.0,-35.81
119,2025-07-11 08:03,XRP (Bắt Đáy),LONG,2.2047,2.5993,THẮNG (WIN),17.78,32.33,5112084274.0,6693437678.0,860289175.0,7553726853.0,0.0
120,2025-07-25 04:00,SOL (Cưỡi Sóng),LONG,145.83,177.63,THẮNG (WIN),21.69,1.77,152005672.0,6693437678.0,1012294848.0,7705732525.0,0.0
121,2025-08-02 16:34,XRP (Bắt Đáy),LONG,2.8321,2.8165,THUA (LOSS),-0.67,-1.22,-815382408.0,5878055270.0,1012294848.0,6890350117.0,-10.58
122,2025-08-08 08:00,SOL (Cưỡi Sóng),SHORT,177.63,177.04,THẮNG (WIN),0.21,0.01,1377909.0,5878055270.0,1013672757.0,6891728027.0,-10.56
123,2025-08-15 20:00,SOL (Cưỡi Sóng),LONG,177.04,183.8,THẮNG (WIN),3.7,0.38,38507215.0,5878055270.0,1052179972.0,6930235241.0,-10.06
124,2025-08-22 20:00,SOL (Cưỡi Sóng),SHORT,183.8,198.97,THUA (LOSS),-8.37,-0.59,-61924519.0,5878055270.0,990255453.0,6868310722.0,-10.87
125,2025-08-25 06:47,XRP (Bắt Đáy),LONG,2.9783,2.9619,THUA (LOSS),-0.67,-1.22,-716054006.0,5162001264.0,990255453.0,6152256717.0,-20.16
126,2025-08-26 00:00,SOL (Cưỡi Sóng),LONG,198.97,187.08,THUA (LOSS),-6.1,-0.51,-50175136.0,5162001264.0,940080316.0,6102081580.0,-20.81
127,2025-08-28 08:00,SOL (Cưỡi Sóng),SHORT,187.08,213.03,THUA (LOSS),-13.99,-0.94,-88722933.0,5162001264.0,851357383.0,6013358647.0,-21.96
128,2025-09-03 14:41,XRP (Bắt Đáy),SHORT,2.8642,2.88,THUA (LOSS),-0.67,-1.22,-628825609.0,4533175656.0,851357383.0,5384533038.0,-30.12
129,2025-09-22 08:00,SOL (Cưỡi Sóng),LONG,213.03,221.82,THẮNG (WIN),4.01,0.31,26106362.0,4533175656.0,877463745.0,5410639400.0,-29.78
130,2025-10-01 12:00,SOL (Cưỡi Sóng),SHORT,221.82,217.64,THẮNG (WIN),1.76,0.18,16086358.0,4533175656.0,893550103.0,5426725758.0,-29.58
131,2025-10-10 16:00,SOL (Cưỡi Sóng),LONG,217.64,210.57,THUA (LOSS),-3.37,-0.32,-28301992.0,4533175656.0,865248111.0,5398423767.0,-29.94
132,2025-10-10 20:57,XRP (Bắt Đáy),SHORT,3.1683,2.6012,THẮNG (WIN),17.78,32.33,14654520574.0,19187696229.0,865248111.0,20052944340.0,0.0
133,2025-10-27 04:00,SOL (Cưỡi Sóng),SHORT,210.57,204.25,THẮNG (WIN),2.88,0.22,19130259.0,19187696229.0,884378370.0,20072074599.0,0.0
134,2025-10-30 16:00,SOL (Cưỡi Sóng),LONG,204.25,184.94,THUA (LOSS),-9.57,-1.05,-93067642.0,19187696229.0,791310728.0,19979006957.0,-0.46
135,2025-11-02 23:44,XRP (Bắt Đáy),SHORT,2.5141,2.5279,THUA (LOSS),-0.67,-1.22,-2337410268.0,16850285961.0,791310728.0,17641596689.0,-12.11
136,2025-11-03 04:08,XRP (Bắt Đáy),LONG,2.4294,2.416,THUA (LOSS),-0.67,-1.22,-2052671199.0,14797614762.0,791310728.0,15588925490.0,-22.34
137,2025-11-17 16:06,XRP (Bắt Đáy),LONG,2.1995,2.1874,THUA (LOSS),-0.67,-1.22,-1802618526.0,12994996237.0,791310728.0,13786306965.0,-31.32
138,2025-11-23 04:19,XRP (Bắt Đáy),SHORT,2.0394,2.0506,THUA (LOSS),-0.67,-1.22,-1583026814.0,11411969423.0,791310728.0,12203280150.0,-39.2
139,2025-11-24 19:42,XRP (Bắt Đáy),SHORT,2.224,2.2362,THUA (LOSS),-0.67,-1.22,-1390185366.0,10021784056.0,791310728.0,10813094784.0,-46.13
140,2025-12-02 16:00,SOL (Cưỡi Sóng),SHORT,184.94,137.79,THẮNG (WIN),25.37,1.92,151752975.0,10021784056.0,943063702.0,10964847759.0,-45.37
141,2025-12-11 04:00,SOL (Cưỡi Sóng),LONG,137.79,129.29,THUA (LOSS),-6.29,-0.49,-46169105.0,10021784056.0,896894597.0,10918678654.0,-45.6
142,2025-12-15 18:36,XRP (Bắt Đáy),SHORT,2.2745,1.8674,THẮNG (WIN),17.78,32.33,32397694641.0,42419478697.0,896894597.0,43316373294.0,0.0
143,2025-12-16 12:08,XRP (Bắt Đáy),SHORT,1.9165,1.927,THUA (LOSS),-0.67,-1.22,-5167463769.0,37252014929.0,896894597.0,38148909526.0,-11.93
144,2026-01-02 17:01,XRP (Bắt Đáy),SHORT,1.9549,1.9657,THUA (LOSS),-0.67,-1.22,-4537972728.0,32714042201.0,896894597.0,33610936798.0,-22.41
145,2026-01-02 20:00,SOL (Cưỡi Sóng),SHORT,129.29,131.6,THUA (LOSS),-1.91,-0.13,-11281639.0,32714042201.0,885612958.0,33599655159.0,-22.43
146,2026-01-19 04:00,SOL (Cưỡi Sóng),LONG,131.6,133.85,THẮNG (WIN),1.59,0.22,19840753.0,32714042201.0,905453711.0,33619495912.0,-22.39
147,2026-01-28 12:00,SOL (Cưỡi Sóng),SHORT,133.85,128.11,THẮNG (WIN),4.17,0.53,47754066.0,32714042201.0,953207776.0,33667249977.0,-22.28
148,2026-01-29 16:00,SOL (Cưỡi Sóng),LONG,128.11,117.6,THUA (LOSS),-8.32,-1.11,-105440333.0,32714042201.0,847767443.0,33561809644.0,-22.52
149,2026-02-14 11:22,XRP (Bắt Đáy),SHORT,1.4545,1.4625,THUA (LOSS),-0.67,-1.22,-3985165141.0,28728877060.0,847767443.0,29576644504.0,-31.72
150,2026-02-15 08:00,SOL (Cưỡi Sóng),SHORT,117.6,90.68,THẮNG (WIN),22.77,2.26,191282802.0,28728877060.0,1039050245.0,29767927305.0,-31.28
151,2026-02-19 16:00,SOL (Cưỡi Sóng),LONG,90.68,80.58,THUA (LOSS),-11.26,-0.98,-102026186.0,28728877060.0,937024060.0,29665901120.0,-31.51
152,2026-02-23 09:32,XRP (Bắt Đáy),SHORT,1.3709,1.3784,THUA (LOSS),-0.67,-1.22,-3499699569.0,25229177491.0,937024060.0,26166201551.0,-39.59
153,2026-02-25 13:43,XRP (Bắt Đáy),SHORT,1.4116,1.4194,THUA (LOSS),-0.67,-1.22,-3073372531.0,22155804960.0,937024060.0,23092829020.0,-46.69
154,2026-02-25 16:00,SOL (Cưỡi Sóng),SHORT,80.58,85.92,THUA (LOSS),-6.75,-0.67,-62527678.0,22155804960.0,874496382.0,23030301342.0,-46.83
155,2026-02-28 08:00,SOL (Cưỡi Sóng),LONG,85.92,78.64,THUA (LOSS),-8.59,-0.76,-66077065.0,22155804960.0,808419316.0,22964224276.0,-46.98
156,2026-03-02 16:00,SOL (Cưỡi Sóng),SHORT,78.64,88.74,THUA (LOSS),-12.96,-0.96,-77325980.0,22155804960.0,731093336.0,22886898297.0,-47.16
157,2026-03-11 13:40,XRP (Bắt Đáy),SHORT,1.4027,1.4104,THUA (LOSS),-0.67,-1.22,-2698979877.0,19456825083.0,731093336.0,20187918420.0,-53.39
158,2026-03-19 16:00,SOL (Cưỡi Sóng),LONG,88.74,87.57,THUA (LOSS),-1.44,-0.1,-7567340.0,19456825083.0,723525996.0,20180351079.0,-53.41
159,2026-04-08 00:00,SOL (Cưỡi Sóng),SHORT,87.57,85.53,THẮNG (WIN),2.21,0.21,14952446.0,19456825083.0,738478442.0,20195303525.0,-53.38
160,2026-04-29 20:00,SOL (Cưỡi Sóng),LONG,85.53,82.13,THUA (LOSS),-4.1,-0.43,-31439495.0,19456825083.0,707038946.0,20163864030.0,-53.45
161,2026-05-06 08:00,SOL (Cưỡi Sóng),SHORT,82.13,87.66,THUA (LOSS),-6.85,-1.06,-75284349.0,19456825083.0,631754597.0,20088579681.0,-53.62
162,2026-05-13 16:00,SOL (Cưỡi Sóng),LONG,87.66,90.38,THẮNG (WIN),2.98,0.54,33800458.0,19456825083.0,665555055.0,20122380139.0,-53.55
163,2026-05-14 18:15,XRP (Bắt Đáy),LONG,1.2801,1.5092,THẮNG (WIN),17.78,32.33,62898609088.0,82355434171.0,665555055.0,83020989226.0,0.0
164,2026-05-26 00:54,XRP (Bắt Đáy),LONG,1.3419,1.3345,THUA (LOSS),-0.67,-1.22,-10032389254.0,72323044917.0,665555055.0,72988599973.0,-12.08
165,2026-06-15 00:00,SOL (Cưỡi Sóng),SHORT,90.38,71.24,THẮNG (WIN),21.06,2.32,154224537.0,72323044917.0,819779592.0,73142824509.0,-11.9
166,2026-06-18 16:00,SOL (Cưỡi Sóng),LONG,71.24,68.41,THUA (LOSS),-4.09,-0.37,-30236162.0,72323044917.0,789543430.0,73112588347.0,-11.93
167,2026-06-29 16:00,SOL (Cưỡi Sóng),SHORT,68.41,73.88,THUA (LOSS),-8.12,-0.66,-51876709.0,72323044917.0,737666721.0,73060711639.0,-12.0
168,2026-07-13 04:00,SOL (Cưỡi Sóng),LONG,73.88,75.82,THẮNG (WIN),2.51,0.22,16005954.0,72323044917.0,753672676.0,73076717593.0,-11.98
169,2026-07-13 21:39,XRP (Bắt Đáy),LONG,1.0585,1.0527,THUA (LOSS),-0.67,-1.22,-8810261835.0,63512783082.0,753672676.0,64266455758.0,-22.59
170,2026-07-25 17:39,XRP (Bắt Đáy),SHORT,1.0979,1.1039,THUA (LOSS),-0.67,-1.22,-7737011757.0,55775771325.0,753672676.0,56529444000.0,-31.91
171,2026-08-08 16:00,SOL (Cưỡi Sóng),SHORT,75.82,76.37,THUA (LOSS),-0.85,-0.11,-8452318.0,55775771325.0,745220358.0,56520991683.0,-31.92
172,2026-08-11 14:51,XRP (Bắt Đáy),LONG,1.0037,0.9982,THUA (LOSS),-0.67,-1.22,-6794503052.0,48981268272.0,745220358.0,49726488630.0,-40.1
173,2026-08-20 11:27,XRP (Bắt Đáy),LONG,0.9908,1.1682,THẮNG (WIN),17.78,32.33,158343081797.0,207324350069.0,745220358.0,208069570427.0,0.0
174,2026-09-03 14:28,XRP (Bắt Đáy),SHORT,1.3988,1.4065,THUA (LOSS),-0.67,-1.22,-25255875372.0,182068474697.0,745220358.0,182813695055.0,-12.14
175,2026-09-08 15:56,XRP (Bắt Đáy),SHORT,1.4251,1.4329,THUA (LOSS),-0.67,-1.22,-22179250554.0,159889224143.0,745220358.0,160634444501.0,-22.8
176,2026-09-09 21:50,XRP (Bắt Đáy),LONG,1.3987,1.391,THUA (LOSS),-0.67,-1.22,-19477414577.0,140411809566.0,745220358.0,141157029924.0,-32.16
177,2026-09-15 20:00,SOL (Cưỡi Sóng),LONG,76.37,97.83,THẮNG (WIN),27.98,5.08,378480658.0,140411809566.0,1123701016.0,141535510582.0,-31.98
178,2026-09-18 08:00,SOL (Cưỡi Sóng),SHORT,97.83,105.76,THUA (LOSS),-8.23,-0.93,-105003207.0,140411809566.0,1018697809.0,141430507375.0,-32.03
179,2026-09-20 16:39,XRP (Bắt Đáy),SHORT,1.406,1.4137,THUA (LOSS),-0.67,-1.22,-17104711347.0,123307098219.0,1018697809.0,124325796028.0,-40.25
